csv-data1, 1
csv-data2, 2
csv-data3, 3
csv-data4, 4
csv-data5, 5
csv-data6, 6
csv-data7, 7
csv-data1, 1
csv-data2, 2
csv-data3, 3
csv-data4, 4
csv-data5, 5
csv-data6, 6
csv-data7, 7
csv-data1, 1
csv-data2, 2
csv-data3, 3
csv-data4, 4
csv-data5, 5
csv-data6, 6
csv-data7, 7
csv-data1, 1
csv-data2, 2
csv-data3, 3
csv-data4, 4
csv-data5, 5
csv-data6, 6
csv-data7, 7
csv-data1, 1
csv-data2, 2
csv-data3, 3
csv-data4, 4
csv-data5, 5
csv-data6, 6
csv-data7, 7
csv-data1, 1
csv-data2, 2
csv-data3, 3
csv-data4, 4
csv-data5, 5
csv-data6, 6
csv-data7, 7
csv-data1, 1
csv-data2, 2
csv-data3, 3
csv-data4, 4
csv-data5, 5
csv-data6, 6
csv-data7, 7
csv-data1, 1
csv-data2, 2
csv-data3, 3
csv-data4, 4
csv-data5, 5
csv-data6, 6
csv-data7, 7
csv-data1, 1
csv-data2, 2
csv-data3, 3
csv-data4, 4
csv-data5, 5
csv-data6, 6
csv-data7, 7
csv-data1, 1
csv-data2, 2
csv-data3, 3
csv-data4, 4
csv-data5, 5
csv-data6, 6
csv-data7, 7
csv-data1, 1
csv-data2, 2
csv-data3, 3
csv-data4, 4
csv-data5, 5
csv-data6, 6
csv-data7, 7
csv-data1, 1
csv-data2, 2
csv-data3, 3
csv-data4, 4
csv-data5, 5
csv-data6, 6
csv-data7, 7
csv-data1, 1
csv-data2, 2
csv-data3, 3
csv-data4, 4
csv-data5, 5
csv-data6, 6
csv-data7, 7
csv-data1, 1
csv-data2, 2
csv-data3, 3
csv-data4, 4
csv-data5, 5
csv-data6, 6
csv-data7, 7
csv-data1, 1
csv-data2, 2
csv-data3, 3
csv-data4, 4
csv-data5, 5
csv-data6, 6
csv-data7, 7
csv-data1, 1
csv-data2, 2
csv-data3, 3
csv-data4, 4
csv-data5, 5
csv-data6, 6
csv-data7, 7
csv-data1, 1
csv-data2, 2
csv-data3, 3
csv-data4, 4
csv-data5, 5
csv-data6, 6
csv-data7, 7
csv-data1, 1
csv-data2, 2
csv-data3, 3
csv-data4, 4
csv-data5, 5
csv-data6, 6
csv-data7, 7
csv-data1, 1
csv-data2, 2
csv-data3, 3
csv-data4, 4
csv-data5, 5
csv-data6, 6
csv-data7, 7
csv-data1, 1
csv-data2, 2
csv-data3, 3
csv-data4, 4
csv-data5, 5
csv-data6, 6
csv-data7, 7
csv-data1, 1
csv-data2, 2
csv-data3, 3
csv-data4, 4
csv-data5, 5
csv-data6, 6
csv-data7, 7
csv-data1, 1
csv-data2, 2
csv-data3, 3
csv-data4, 4
csv-data5, 5
csv-data6, 6
csv-data7, 7
csv-data1, 1
csv-data2, 2
csv-data3, 3
csv-data4, 4
csv-data5, 5
csv-data6, 6
csv-data7, 7
csv-data1, 1
csv-data2, 2
csv-data3, 3
csv-data4, 4
csv-data5, 5
csv-data6, 6
csv-data7, 7
csv-data1, 1
csv-data2, 2
csv-data3, 3
csv-data4, 4
csv-data5, 5
csv-data6, 6
csv-data7, 7
csv-data1, 1
csv-data2, 2
csv-data3, 3
csv-data4, 4
csv-data5, 5
csv-data6, 6
csv-data7, 7
csv-data1, 1
csv-data2, 2
csv-data3, 3
csv-data4, 4
csv-data5, 5
csv-data6, 6
csv-data7, 7
csv-data1, 1
csv-data2, 2
csv-data3, 3
csv-data4, 4
csv-data5, 5
csv-data6, 6
csv-data7, 7
csv-data1, 1
csv-data2, 2
csv-data3, 3
csv-data4, 4
csv-data5, 5
csv-data6, 6
csv-data7, 7
csv-data1, 1
csv-data2, 2
csv-data3, 3
csv-data4, 4
csv-data5, 5
csv-data6, 6
csv-data7, 7
csv-data1, 1
csv-data2, 2
csv-data3, 3
csv-data4, 4
csv-data5, 5
csv-data6, 6
csv-data7, 7
csv-data1, 1
csv-data2, 2
csv-data3, 3
csv-data4, 4
csv-data5, 5
csv-data6, 6
csv-data7, 7
csv-data1, 1
csv-data2, 2
csv-data3, 3
csv-data4, 4
csv-data5, 5
csv-data6, 6
csv-data7, 7
csv-data1, 1
csv-data2, 2
csv-data3, 3
csv-data4, 4
csv-data5, 5
csv-data6, 6
csv-data7, 7
csv-data1, 1
csv-data2, 2
csv-data3, 3
csv-data4, 4
csv-data5, 5
csv-data6, 6
csv-data7, 7
csv-data1, 1
csv-data2, 2
csv-data3, 3
csv-data4, 4
csv-data5, 5
csv-data6, 6
csv-data7, 7
csv-data1, 1
csv-data2, 2
csv-data3, 3
csv-data4, 4
csv-data5, 5
csv-data6, 6
csv-data7, 7
csv-data1, 1
csv-data2, 2
csv-data3, 3
csv-data4, 4
csv-data5, 5
csv-data6, 6
csv-data7, 7
csv-data1, 1
csv-data2, 2
csv-data3, 3
csv-data4, 4
csv-data5, 5
csv-data6, 6
csv-data7, 7
csv-data1, 1
csv-data2, 2
csv-data3, 3
csv-data4, 4
csv-data5, 5
csv-data6, 6
csv-data7, 7
csv-data1, 1
csv-data2, 2
csv-data3, 3
csv-data4, 4
csv-data5, 5
csv-data6, 6
csv-data7, 7
csv-data1, 1
csv-data2, 2
csv-data3, 3
csv-data4, 4
csv-data5, 5
csv-data6, 6
csv-data7, 7
csv-data1, 1
csv-data2, 2
csv-data3, 3
csv-data4, 4
csv-data5, 5
csv-data6, 6
csv-data7, 7
csv-data1, 1
csv-data2, 2
csv-data3, 3
csv-data4, 4
csv-data5, 5
csv-data6, 6
csv-data7, 7
csv-data1, 1
csv-data2, 2
csv-data3, 3
csv-data4, 4
csv-data5, 5
csv-data6, 6
csv-data7, 7
csv-data1, 1
csv-data2, 2
csv-data3, 3
csv-data4, 4
csv-data5, 5
csv-data6, 6
csv-data7, 7
csv-data1, 1
csv-data2, 2
csv-data3, 3
csv-data4, 4
csv-data5, 5
csv-data6, 6
csv-data7, 7
csv-data1, 1
csv-data2, 2
csv-data3, 3
csv-data4, 4
csv-data5, 5
csv-data6, 6
csv-data7, 7
