csv-data1, 1, 0000
csv-data2, 2, 0001
csv-data3, 3, 0002
csv-data4, 4, 0003
csv-data5, 5, 0004
csv-data6, 6, 0005
csv-data7, 7, 0006
csv-data1, 1, 0007
csv-data2, 2, 0008
csv-data3, 3, 0009
csv-data4, 4, 0010
csv-data5, 5, 0011
csv-data6, 6, 0012
csv-data7, 7, 0013
csv-data1, 1, 0014
csv-data2, 2, 0015
csv-data3, 3, 0016
csv-data4, 4, 0017
csv-data5, 5, 0018
csv-data6, 6, 0019
csv-data7, 7, 0020
csv-data1, 1, 0021
csv-data2, 2, 0022
csv-data3, 3, 0023
csv-data4, 4, 0024
csv-data5, 5, 0025
csv-data6, 6, 0026
csv-data7, 7, 0027
csv-data1, 1, 0028
csv-data2, 2, 0029
csv-data3, 3, 0030
csv-data4, 4, 0031
csv-data5, 5, 0032
csv-data6, 6, 0033
csv-data7, 7, 0034
csv-data1, 1, 0035
csv-data2, 2, 0036
csv-data3, 3, 0037
csv-data4, 4, 0038
csv-data5, 5, 0039
csv-data6, 6, 0040
csv-data7, 7, 0041
csv-data1, 1, 0042
csv-data2, 2, 0043
csv-data3, 3, 0044
csv-data4, 4, 0045
csv-data5, 5, 0046
csv-data6, 6, 0047
csv-data7, 7, 0048
csv-data1, 1, 0049
csv-data2, 2, 0050
csv-data3, 3, 0051
csv-data4, 4, 0052
csv-data5, 5, 0053
csv-data6, 6, 0054
csv-data7, 7, 0055
csv-data1, 1, 0056
csv-data2, 2, 0057
csv-data3, 3, 0058
csv-data4, 4, 0059
csv-data5, 5, 0060
csv-data6, 6, 0061
csv-data7, 7, 0062
csv-data1, 1, 0063
csv-data2, 2, 0064
csv-data3, 3, 0065
csv-data4, 4, 0066
csv-data5, 5, 0067
csv-data6, 6, 0068
csv-data7, 7, 0069
csv-data1, 1, 0070
csv-data2, 2, 0071
csv-data3, 3, 0072
csv-data4, 4, 0073
csv-data5, 5, 0074
csv-data6, 6, 0075
csv-data7, 7, 0076
csv-data1, 1, 0077
csv-data2, 2, 0078
csv-data3, 3, 0079
csv-data4, 4, 0080
csv-data5, 5, 0081
csv-data6, 6, 0082
csv-data7, 7, 0083
csv-data1, 1, 0084
csv-data2, 2, 0085
csv-data3, 3, 0086
csv-data4, 4, 0087
csv-data5, 5, 0088
csv-data6, 6, 0089
csv-data7, 7, 0090
csv-data1, 1, 0091
csv-data2, 2, 0092
csv-data3, 3, 0093
csv-data4, 4, 0094
csv-data5, 5, 0095
csv-data6, 6, 0096
csv-data7, 7, 0097
csv-data1, 1, 0098
csv-data2, 2, 0099
csv-data3, 3, 0100
csv-data4, 4, 0101
csv-data5, 5, 0102
csv-data6, 6, 0103
csv-data7, 7, 0104
csv-data1, 1, 0105
csv-data2, 2, 0106
csv-data3, 3, 0107
csv-data4, 4, 0108
csv-data5, 5, 0109
csv-data6, 6, 0110
csv-data7, 7, 0111
csv-data1, 1, 0112
csv-data2, 2, 0113
csv-data3, 3, 0114
csv-data4, 4, 0115
csv-data5, 5, 0116
csv-data6, 6, 0117
csv-data7, 7, 0118
csv-data1, 1, 0119
csv-data2, 2, 0120
csv-data3, 3, 0121
csv-data4, 4, 0122
csv-data5, 5, 0123
csv-data6, 6, 0124
csv-data7, 7, 0125
csv-data1, 1, 0126
csv-data2, 2, 0127
csv-data3, 3, 0128
csv-data4, 4, 0129
csv-data5, 5, 0130
csv-data6, 6, 0131
csv-data7, 7, 0132
csv-data1, 1, 0133
csv-data2, 2, 0134
csv-data3, 3, 0135
csv-data4, 4, 0136
csv-data5, 5, 0137
csv-data6, 6, 0138
csv-data7, 7, 0139
csv-data1, 1, 0140
csv-data2, 2, 0141
csv-data3, 3, 0142
csv-data4, 4, 0143
csv-data5, 5, 0144
csv-data6, 6, 0145
csv-data7, 7, 0146
csv-data1, 1, 0147
csv-data2, 2, 0148
csv-data3, 3, 0149
csv-data4, 4, 0150
csv-data5, 5, 0151
csv-data6, 6, 0152
csv-data7, 7, 0153
csv-data1, 1, 0154
csv-data2, 2, 0155
csv-data3, 3, 0156
csv-data4, 4, 0157
csv-data5, 5, 0158
csv-data6, 6, 0159
csv-data7, 7, 0160
csv-data1, 1, 0161
csv-data2, 2, 0162
csv-data3, 3, 0163
csv-data4, 4, 0164
csv-data5, 5, 0165
csv-data6, 6, 0166
csv-data7, 7, 0167
csv-data1, 1, 0168
csv-data2, 2, 0169
csv-data3, 3, 0170
csv-data4, 4, 0171
csv-data5, 5, 0172
csv-data6, 6, 0173
csv-data7, 7, 0174
csv-data1, 1, 0175
csv-data2, 2, 0176
csv-data3, 3, 0177
csv-data4, 4, 0178
csv-data5, 5, 0179
csv-data6, 6, 0180
csv-data7, 7, 0181
csv-data1, 1, 0182
csv-data2, 2, 0183
csv-data3, 3, 0184
csv-data4, 4, 0185
csv-data5, 5, 0186
csv-data6, 6, 0187
csv-data7, 7, 0188
csv-data1, 1, 0189
csv-data2, 2, 0190
csv-data3, 3, 0191
csv-data4, 4, 0192
csv-data5, 5, 0193
csv-data6, 6, 0194
csv-data7, 7, 0195
csv-data1, 1, 0196
csv-data2, 2, 0197
csv-data3, 3, 0198
csv-data4, 4, 0199
csv-data5, 5, 0200
csv-data6, 6, 0201
csv-data7, 7, 0202
csv-data1, 1, 0203
csv-data2, 2, 0204
csv-data3, 3, 0205
csv-data4, 4, 0206
csv-data5, 5, 0207
csv-data6, 6, 0208
csv-data7, 7, 0209
csv-data1, 1, 0210
csv-data2, 2, 0211
csv-data3, 3, 0212
csv-data4, 4, 0213
csv-data5, 5, 0214
csv-data6, 6, 0215
csv-data7, 7, 0216
csv-data1, 1, 0217
csv-data2, 2, 0218
csv-data3, 3, 0219
csv-data4, 4, 0220
csv-data5, 5, 0221
csv-data6, 6, 0222
csv-data7, 7, 0223
csv-data1, 1, 0224
csv-data2, 2, 0225
csv-data3, 3, 0226
csv-data4, 4, 0227
csv-data5, 5, 0228
csv-data6, 6, 0229
csv-data7, 7, 0230
csv-data1, 1, 0231
csv-data2, 2, 0232
csv-data3, 3, 0233
csv-data4, 4, 0234
csv-data5, 5, 0235
csv-data6, 6, 0236
csv-data7, 7, 0237
csv-data1, 1, 0238
csv-data2, 2, 0239
csv-data3, 3, 0240
csv-data4, 4, 0241
csv-data5, 5, 0242
csv-data6, 6, 0243
csv-data7, 7, 0244
csv-data1, 1, 0245
csv-data2, 2, 0246
csv-data3, 3, 0247
csv-data4, 4, 0248
csv-data5, 5, 0249
csv-data6, 6, 0250
csv-data7, 7, 0251
csv-data1, 1, 0252
csv-data2, 2, 0253
csv-data3, 3, 0254
csv-data4, 4, 0255
csv-data5, 5, 0256
csv-data6, 6, 0257
csv-data7, 7, 0258
csv-data1, 1, 0259
csv-data2, 2, 0260
csv-data3, 3, 0261
csv-data4, 4, 0262
csv-data5, 5, 0263
csv-data6, 6, 0264
csv-data7, 7, 0265
csv-data1, 1, 0266
csv-data2, 2, 0267
csv-data3, 3, 0268
csv-data4, 4, 0269
csv-data5, 5, 0270
csv-data6, 6, 0271
csv-data7, 7, 0272
csv-data1, 1, 0273
csv-data2, 2, 0274
csv-data3, 3, 0275
csv-data4, 4, 0276
csv-data5, 5, 0277
csv-data6, 6, 0278
csv-data7, 7, 0279
csv-data1, 1, 0280
csv-data2, 2, 0281
csv-data3, 3, 0282
csv-data4, 4, 0283
csv-data5, 5, 0284
csv-data6, 6, 0285
csv-data7, 7, 0286
csv-data1, 1, 0287
csv-data2, 2, 0288
csv-data3, 3, 0289
csv-data4, 4, 0290
csv-data5, 5, 0291
csv-data6, 6, 0292
csv-data7, 7, 0293
csv-data1, 1, 0294
csv-data2, 2, 0295
csv-data3, 3, 0296
csv-data4, 4, 0297
csv-data5, 5, 0298
csv-data6, 6, 0299
csv-data7, 7, 0300
csv-data1, 1, 0301
csv-data2, 2, 0302
csv-data3, 3, 0303
csv-data4, 4, 0304
csv-data5, 5, 0305
csv-data6, 6, 0306
csv-data7, 7, 0307
csv-data1, 1, 0308
csv-data2, 2, 0309
csv-data3, 3, 0310
csv-data4, 4, 0311
csv-data5, 5, 0312
csv-data6, 6, 0313
csv-data7, 7, 0314
csv-data1, 1, 0315
csv-data2, 2, 0316
csv-data3, 3, 0317
csv-data4, 4, 0318
csv-data5, 5, 0319
csv-data6, 6, 0320
csv-data7, 7, 0321
csv-data1, 1, 0322
csv-data2, 2, 0323
csv-data3, 3, 0324
csv-data4, 4, 0325
csv-data5, 5, 0326
csv-data6, 6, 0327
csv-data7, 7, 0328
csv-data1, 1, 0329
csv-data2, 2, 0330
csv-data3, 3, 0331
csv-data4, 4, 0332
csv-data5, 5, 0333
csv-data6, 6, 0334
csv-data7, 7, 0335
